Слово,Примеры,Роль,Перевод,Перевод примеров,Синонимы,Происхождение,Сложность,Пометки особенности чтения,ДЛЯ ПРОВЕРКИ ГРАММАТИКИ
あっさり,あっさりと答える・あっさり負けてしまう・日本料理は味があっさりしている,〔副〕・〔する〕,Без труда; просто; легко; вкратце; кратко,Коротко ответить; Легко проиграть; У японских блюд ненасыщенный вкус.,すんなり・さっぱり・ざっと,,1,,
いらいら,上司がいらいらしてきた・いらいらしてバスを待つ・この音が私をイライラさせる,〔副〕・〔する〕,Раздраженно; с нетерпением; нервно,Начальник начал нервничать; Нервно(раздраженно) ждать автобус; Этот звук меня бесит,やきもき・じりじり・むしゃくしゃ・かりかり,いらつく,1,,
いよいよ,計画がいよいよ実現した・風がいよいよ激しくなった・いよいよという時まで延ばす,〔副〕,Все более; еще и еще; наконец; в последний момент,План наконец реализовался; Ветер все усиливается; Откладывать до последнего,ますます・やっと,,1,,
うきうき,うきうきと旅行に出かけた・彼らは優勝してうきうきしている・彼は朝からうきうきしてきた,〔副〕・〔する〕,Веселый; бодрый; оживленный,Весело отправиться в путешествие; Победив、они на седьмом небе от счастья; Он с утра в приподнятом настроении,いそいそ,,1,,
うっかり,うっかりした間違い・うっかりして降りる液を乗り過ごす・大切な約束をうっかり忘れる,〔副〕・〔する〕,Невнимательно; рассеянно; беспечно; небрежно,Ошибка из-за невнимательности; зазевавшись、пропустить станцию; по рассеянности забыть о важном обещании,ぼんやり・ぼうっと・うかうか,,1,,
うろうろ,その辺をうろうろする・トラはうろうろと動き回っている・変な人が家の前をうろうろしている,〔副〕・〔する〕,Слоняться; Околачиваться; бродить; в замешательстве,Слоняться по окрестностям; тигр ходит кругами; странный человек околачивается перед домом,ぶらぶら・まごまご,うろつく,1,,
うんざり,僕はその仕事にうんざりしている・彼は数学にもうんざしだ・考えただけでうんざりする,〔副〕・〔する〕・〔形動〕,Надоело; скучно; противно,Мне надоела эта работа; Его уже достала математика; Противно даже от мысли,たっぷり・げっそり,,1,,
からから,缶をふると、からから音がする・男の人がからからと笑った・喉がわいて、からからだ,〔副〕・〔する〕・〔形動〕,Постукивать; громко(о смехе); сухой; пустой,Если потрясти банку、слышно что она пуста; мужчина громко смеялся; горло совсем пересохло,かたかた・がらがら・げらげら・さらさら,枯す(から—す),1,,
かっ(と),かっと目を見開く・太陽がかっと照りつけた・かっとなって立ち上がる,〔副〕・〔する〕,Ярко; сильно; жарко; вне себя; в ярости,Широко раскрыть глаза; солнце ярко светило; прийти в ярость и встать с места,かんかん・かっか,,1,,
かっか,火がかっかと燃えている・彼は怒ってかっかとしていた・運動をすると体がかっかしてくる,〔副〕・〔する〕,Пылать; гореть,Огонь пылает; он рассердился(вскипел); потренировавшись тело пылает,かっと・かんかん,,1,,
がらがら,壁ががらがらと崩れた・がらがらとうがいをする・平日の映画館はがらがらだ,〔副〕・〔する〕・〔形動〕,Грохотать; греметь; стучать; безлюдный,Стена с грохотом рухнула; Громко полоскать горло; В будние дни кинотеатры пусты,ごろごろ・からから,,1,,
がりがり,犬が骨をがりがりかじっている・彼はがりがりに痩せている・猫が壁をがりがりと引っかいている,〔副〕・〔する〕・〔形動〕,Скрежетать; скрести; хрустеть; сухой,Собака грызет кости; он очень худой; кошка царапает стену.,かりかり・ぽりぽり,,1,,
がんがん,がんがん工事の音が聞こえる・ストーブをがんがんと燃やす・二日酔いで頭ががんがんする,〔副〕・〔する〕,Гудеть; звенеть; лязгать; греметь; яростно,Слышен грохот строительных работ; горячо растопить печь; Голова гудит от похмелья,ぶうぶう・かんかん・ずきずき,,1,,
きっちり,蓋をきっちりと閉める・本棚に本がきっちり入れてある・彼の服は僕にきっちり合った,〔副〕・〔する〕,Точно; аккуратно; в самый раз; плотно,Плотно закрыть крышку; Книги плотно стоят на полке; Его одежда мне подошла мне в самый раз,ぴったり・ぎっしり・ちゃんと・きっかり,,1,,
きちん(と),家賃をきちんと払う・地図をきちんと畳む・きちんとした洋服を着る,〔副〕・〔する〕,Аккуратно; чисто; точно; опрятно; как следует,Исправно платить за квартиру; аккуратно сложить карту; надеть опрятный костюм,きっちり・ちゃんと,,1,,
かりかり,かりかりのトーストを作る・つまらないことにかりかりとする・ジャガイモをかりかりに焼く,〔副〕・〔する〕・〔形動〕,Хрустеть; нервничать,Приготовить хрустящий тост; раздражаться по пустякам; поджарить картофель до хруста,がりがり・ぱりぱり・ぴりっと・いらいら,,1,,
がっかり,研究の結果にがっかりした・その知らせにがっかりとさせられた・仕事がうまくいかなくてがっかりした,〔副〕・〔する〕,Разочароваться; потерять надежду; выбиться из сил,Разочаровался результатами исследования; пал духом после известия; пасть духом из-за того что работа не продвигается.,げっそり・がっくり,,1,,
ぎりぎり,ぎりぎりの最低値段・ぎりぎりでバスに間に合った・歯をぎりぎりいわせる,〔形動〕・〔副〕,Еле-еле; вплотную; кое-как; скрежетать,Предельно низкая цена; Кое-как успеть на автобус; скрежетать зубами,ぴったり・すれすれ,,1,,
ぎっしり,ぎっしり詰まった日程・棚に本をぎっしり詰め込む・マッチがぎっしり入っている,〔副〕,Плотно; тесно; битком,Плотное расписание; плотно поставить книги на полку; спички плотно уложены,ぴったり・きっちり・ぎゅっと・うようよ,,1,,
きらきら,宝石がきらきらと光っている・子供は目がきらきらしている・太陽の光で湖がきらきら輝いている,〔副〕・〔する〕,Сверкать; блестеть,Драгоценный камень сверкает; глаза ребенка блестят; озеро сверкает в лучах солнца,ぴかぴか・ぎらぎら・ちらちら・てかてか,,1,,
きっ(と),きっと四時に来て下さい・彼はきっと試合に勝つはずだ・彼がきっと試験に合格すると思う,〔副〕,Непременно; обязательно,Обязательно приходите к 4 часам; Он должен победить в соревновании; Думаю、он непременно сдаст экзамен,てっきり,,1,,
くっきり,くっきりとした画像・塔は空にくっきり立っていた・雪の上に足跡がくっきり残っている,〔副〕・〔する〕,Отчетливый; резкий; ясный; четкий,Четкое изображение; башня четко видна на фоне неба; на снегу остались отчетливые следы,はっきり,,1,,
くらくら,頭がくらくらした・立ち上がったら頭がくらくらした・寝不足でくらくらとしてきた,〔副〕・〔する〕,Темнеть в глазах; чувствовать головокружение,Кружится голова; Когда встал、закружилась голова; закружилась голова из-за недостатка сна,ぐらぐら・ぐるぐる・ふらふら・くらっと,,1,,
ぐうぐう,ぐうぐうと高いびきをかく・かりはぐうぐう深く眠っている・お腹がぐうぐうと鳴っている,〔副〕,Храпеть; крепко спать; урчать,Издавать громкий храп; он очень крепко спит; в животе урчит,ぐっすり・かやかや・うとうと・ごろごろ,,1,,
ぐっすり,最近どうもぐっすり寝られない・久しぶりにぐっすり眠れた・子供がぐっすりと寝ている,〔副〕,Крепко; [спать],В последнее время не высыпаюсь; наконец смог хорошо поспать; ребенок крепко спит,すやすや・うとうと・ぐうぐう,,1,,
ぐッ(と),冷たい水をぐッと飲む・アクセルをぐっと踏む・値段が去年に比べてぐっと高い,〔副〕,Залпом; разом; резко; гораздо,Залпом выпить холодную воду; резко нажать на газ; цены по сравнению с прошлым годом гораздо выше,わっと・どっと・ばっと・ずっと・ぐんと,,1,,
ぐらぐら,ぐらぐらのテーブル・ぐらぐらしないで決心しなさい・地震で建物がぐらぐら揺れた,〔副〕・〔する〕・〔形動〕,Шататься; трястись; бурлить; колебаться,Шатающийся стол; принимай решение без колебаний; здания шатались во время землетрясения,がくがく・ふらふら・ぐらっと,,1,,
ぐるぐる,腕をぐるぐると回す・頭は包帯でぐるぐる巻きだ・犬は木の周りをぐるぐる走り回った,〔副〕,Вокруг; кругами,Делать круговые движения рукой; голова была обмотана бинтом; собака бегала вокруг дерева,くるくる・くらくら・ぐるりと・ぐるっと,,1,,
こつこつ,こつこつ事実を調べる・机をこつこつとたたく・こつこつお金を貯めて車を買う,〔副〕,Устойчиво; неутомимо; стучать,Неутомимо изучать факты; стучать по столу; долго копить деньги и купить машину,せっせと・ことこと・とんとん・からから,,1,,
こっそり,こっそり財布を抜き取る・他人あっての手紙をこっそり読む・個人的な会話をこっそり聞く,〔副〕,Тайком; украдкой; в тайне,Тайком вытащить бумажник; Тайно читать ждущие письма; Тайно слушать чужие разговоры,そっと・こそこそ・こそっと,,1,,
ことこと,戸をことことと叩く・箱を振るとことことと音がした・一時間ぐらいことこと煮る,〔副〕,Постукивать; кипеть на небольшом огне,Постучать в дверь; если потрясти коробку、раздается стук; варить в течении часа,からから・こつこつ・とんとん・ぐらぐら,,1,,
ころころ,ころころと太った子犬・百円玉がころころ転がっている・少女はころころと笑った,〔副〕・〔する〕,Катиться; пухлый; стрекотать; смеяться,Пухлый щенок; катиться монета в 100 йен; девочка весело смеялась,ごろごろ・くるくる・ふっくら,ころ(転)がる,1,,
ごろごろ,お腹がごろごろする・岩がごろごろと転がり落ちた・一日中家でごろごろしている,〔副〕・〔する〕・〔名〕,Грохотать; мурлыкать; урчать; бездельничать, Животе урчит; скала с грохотом обрушилась; Целый день бездельничаю дома,ぶらぶら・ころころ・ごぼごぼ・がらがら,,1,,
さっさ(と),さっさとやれ・仕事をさっさと片付ける・何も手伝わずにさっさと帰る,〔副〕,Проворно; быстро; живо,Делай давай!; быстро закончить работу; быстро уйти ни в чем не помогая,さっと・きびきび・はきはき,,1,,
さっぱり,何が何だかさっぱり分からない・シャワーを浴びから、さっぱりした・この料理はさっぱりしている,〔副〕・〔する〕,Свежий; опрятный; легкий; совсем,Вообще не понимаю что есть что; почувствовать себя легко после душа; это блюдо очень легкое,すっきり・あっさり・すっかり・さばさば,さわ(爽)やかな,1,,この料理はさっぱりしている
さらさら,小川がさらさらと流れる・風が木の葉をさらさら鳴らす・さらさらの粉雪が積もったゲレンデ,〔副〕・〔する〕・〔形動〕,Шелестеть; журчать; сухой,Журчит ручей; ветер шелестит листвой; Лыжная трасса с сухим мелким снегом,からから・ぱさぱさ・ざわざわ・そよそよ・さらりと,,1,木の葉 — このは,
ざっ(と),レポートにざっと目を通す・彼にざっと話をしておいた・ざっと計算して億円はかかる,〔副〕,Примерно; вкратце; в общих чертах,Пробежать глазами текст отчета; рассказал ему вкратце; по предварительным отчетам требуется 100 млн. йен,ざっくり・そこそこ・あっさり,,1,,
しっかり,しっかりとした基礎・風が強いので、窓をしっかり閉めた・英語をしっかり勉強しておきなさい,〔副〕・〔する〕,Надежно; крепко; уверенно,Надежное основание; ветер был сильный、 и я полностью закрыл окно; учи английский как следует,がっちり・じっくり・しゃんと,,1,,
しっとり,肌をしっとりさせる・しっとりと露に濡れた草・しっとりした感じの女性,〔副〕・〔する〕,Влажно; мокро; спокойно; тихо,Увлажнять кожу; мокра от росы трава; спокойная、тихая жизнь,びしょびしょ・やんわり・じとじと・しとしと,,1,,
しばしば,しばしば恋に落ちる・しばしば学校に遅刻する・しばしば父の車を運転する,〔副〕・〔する〕,Частно; много раз; неоднократно,Часто влюбляться; часто опаздывать в школу; часто брать машину отца,すぱすぱ,,1,,
しみじみ,しみじみ恥ずかしく思う・その話は胸にしみじみ答えた・しみじみ親をありがたいと思う,〔副〕・〔する〕,Проникновенно; глубоко; серьезно,Мне очень стыдно; эти слова глубоко меня тронули; я искренне благодарен родителям,つくづく・しんみり,,1,,
しょんぼり,階段にしょんぼり座る・公園をしょんぼり歩く・彼は試合に負けてしょんぼりしている,〔副〕・〔する〕,Унывать; быть подавленным,Грустно сесть на лестницу; идти по парку в подавленном настроении; он подавлен после проигрыша,くよくよ,,1,,
じっくり,文章をじっくりと読む・じっくり考えてみる時間が欲しい・将来のことをじっくり考えて決める,〔副〕,Основательно; как следует; тщательно; обдуманно,Внимательно прочитать текст; Нужно время、чтобы это обдумать; решить、обдумав будущие перспективы,ゆっくり・しっかり・つくづく・とっくり,,1,,
じっ(と),痛くてもじっと我慢する・弟は熊をじっと見ていた・爺さんはじっと考え込んだ,〔副〕・〔する〕,Неподвижно; пристально [смотреть]; глубоко [задуматься],Терпеть несмотря на боль; брат не отрывая взгляд смотрел на медведя; дедушка глубоко задумался,つと・じろじろ・つくづく,,1,,
すっかり,金をすっかり使い果たす・部屋をすっかり掃除する・宿題のことをすっかり忘れる,〔副〕,Полностью; целиком; совершенно,Потратить все деньги; полностью вычистить комнату; совсем забыть о домашнем задании,すっぱり・さっぱり・けろりと,,1,,
すっきり,今朝は、すっきり起きられた・仕事が全部終わって、すっきりした・散歩して頭をすっきりさせる,〔副〕・〔する〕,Освежиться; почувствовать облегчение,Утром я легко встал; мне полегчало как работа была закончена; прогулявшись освежить голову,さっぱり・すっと・ほっと,,1,,
すっ(と),私は胸がすっとした・彼はすっと消えてしまった・すっと立ち上がって席を譲る,〔副〕・〔する〕,Быстро; легко; прямо,Я почувствовал облегчение; он быстро исчез; быстро встав  уступить место,さっと・さっさと・ぱっと,,1,,
すらすら,このペンはすらすら書ける・英語ですらすらと読み流す・彼はその質問にすらすらと答えた,〔副〕,С легкостью; плавно; свободно,Это ручка легко пишет; легко читать на английском; он легко ответил на этот вопрос,ぺらぺら・すいすい・すんなり・するりと,,1,,
するり(と),するりと部屋を逃げ出す・指輪を指からするりと抜く・指の間からするりと落ちる,〔副〕,Гладко; легко; быстро; плавно,Выскользнуть из комнаты; легко снять кольцо с пальца; упасть выскользнув между пальцев,すらすら・すんなり・つるつる・するする,,1,,
ずっ(と),金は水よりずっと重い・病気で一週間ずっと休んでいた・ずっと遠くに富士山が見える,〔副〕,Непрерывно; сплошь; гораздо,Метел гораздо тяжелее воды; Из-за болезни всю неделю отдыхал дома; совсем вдалеке видна Фудзи,うんと・ぐっと,,1,,
せっせ(と),夜遅くまでせっせと働く・彼はせっせと図書館に通う・彼はせっせと仕事を始めた,〔副〕,Неутомимо; старательно; усердно,Неутомимо работать до поздней ночи; он очень часто ходит в библиотеку; он усердно начал работать,こつこつ,,1,,
そこそこ,そこそこの結果は出た・朝飯もそこそこに出かける・一時間そこそこで帰ってくる,〔形動〕,Поспешно; кое-какой; примерно; не больше,Появились кое-какие результаты; быстро поев выйти из дома; вернуться где-то через час,せかせか・まずまず・ざっと,,1,,
そっくり,彼女は母親にそっくりだ・現物とそっくりに複製する・この中世の街並みはそっくり残る,〔副〕・〔形動〕,Целиком; быть сильно похожим,Она очень похожа на мать; сделать точную копию оригинала; эта средневековая улица полностью сохранилась,すっかり,,1,,
そっ(と),廊下をそっと歩く・そっと家から抜け出る・彼はそっとしておいてやろう,〔副〕・〔する〕,Потихоньку; украдкой,Тихо идти по коридору; тайком убежать из дома; давай оставим его одного,こっそり,,1,,
そろそろ,もう遅いからそろそろ帰ろう・そろそろ結婚を考え歳になる・足が痛いのでそろそろと歩いている,〔副〕,Потихоньку; медленно; в скором времени,"Уже поздно, давай уже возвращаться; достичь возраста когда нужно подумывать о свадьбе; ноги болят, поэтому иду медленно",ぼつぼつ・ゆっくり・ぞろぞろ,,1,,
そわそわ,気持ちが落ち着かずそわそわする・試験の成績発表待ちでそわそわする・子供は自分の席でそわそわしている,〔副〕・〔する〕,Суетиться; нервничать,Нервничать и никак не успокоиться;  нервничать ожидая результатов экзамена; ребенок ерзает на своем месте,せかせか・おろおろ・あたふた,,1,,
たっぷり,時間がたっぷりある・たっぷりの油で揚げる・朝ご飯をたっぷり食べる,〔副〕・〔形動〕,Вдоволь; в полной мере,Времени предостаточно; жарить во фритюре; хорошо позавтракать,たんまり・あんと・ざっとり・だぶだぶ,,1,,
だんだん,借金をだんだん返す・だんだん僕も疲れてきた・これからも段々寒くなっていく,〔副〕,Постепенно; шаг за шагом; все более и более,Постепенно возвращать долг; постепенно и я устал; постепенно будет становиться холоднее,じわじわ・どんどん,,1,,
ちくちく,煙で目がちくちくした・このシャツはちくちくする・指に棘が刺さって、ちくちく痛む,〔副〕・〔する〕,Колоть; [боль],Глаза болят от дыма; эта рубашка колется; болит палец от укола шипом,ずきずき・ひりひり・きりきり・じんと・ちかちか,,1,,
ちゃん(と),ちゃんとした仕事につく・部屋はちゃんと片付いている・食事の前にちゃんと手を洗う,〔副〕・〔する〕,Как следует; аккуратно; точно; как раз,Устроиться на постоянную работу; комната убрана как следует; как следует вымыть руки перед едой,きちんと・きっちり・ぴったり・しゃんと,,1,,
ちらほら,鳥の声がちらほら聞こえてくる・桜の花がちらほらと咲き始める・訪問者の中にちらほら外人が見える,〔副〕,Местами; кое-где; время от времени,Время от времени раздаются птичьи голоса; кое-где начинают распускаться цветы сакуры; среди посетителей встречаются иностранцы,ちらりと・ちらりほらり,,1,,
つくづく,つくづくと写真を見る・つくづくと将来のことを考える・彼は世の中がつくづく嫌になった,〔副〕,Тщательно; внимательно; глубоко; болезненно,Внимательно смотреть фотографии; хорошо подумать о будущем; Он очень сильно возненавидел весь мир,じっくり・じろじろ・しみじみ,,1,,
つるつる,氷でつるつる滑る歩道・つるつるした表面で動く・波で洗われてつるつるになった石,〔副〕・〔する〕・〔形動〕,Скользкий; гладкий,Скользкий из-за льда тротуар; передвигаться по скользкой поверхности; камни、ставшие гладкими из-за омывания волнами,ぬるぬる・すべすべ・するりと・つるっと,,1,,
どきどき,どきどきしながら、映画を見る・山を登った後は、胸がどきどきした・スピーチをするとき、どきどきした,〔副〕・〔する〕,Учащенно биться; [о сердце],С волнением смотреть фильм; как взобрался на гору、сердце колотилось; во время выступления волновался,はらはら・わくわく・どきんと,ときめく,1,,
どっ(と),群集はどっと笑い出した・電車から人がどっと降りてくる・水がパイプからどっと流れ出した,〔副〕,Разом; сразу; вдруг; все вместе,Толпа сразу рассмеялась; из поезда сразу вышли все люди; из трубы хлынула вода,わっと・ぼっと・ぱっと・ぐっと・どどっと,,1,,
どんどん,太鼓をどんどんたたく・物価がどんどん上がってきた・日本語がどんどん上手になる,〔副〕,Быстро; один за другим; стучать [громко],Бить в тайко; цены быстро выросли; быстро овладевать японским,ぐんぐん・とんとん・だんだん,,1,,
ながなが,ながながと待たされた・手紙をながながと書く・貨物列車がながながと続く,〔副〕,Долго; длинно [слишком],Мне пришлось долго ждать; написать очень длинное письмо; бесконечно тянется грузовой поезд,ぞろぞろ・だらだら,なが(長)い,1,,
にこにこ,赤ちゃんがにこにこ笑っている・にこにこしながら、入場する・妹はいつも陽気でにこにこしている,〔副〕・〔する〕,Улыбаться; сиять,Младенец весело улыбается; улыбаясь войти; сестра всегда жизнерадостна и улыбчива,にやにや・にっこり・にこっと,にこやかな,1,,
のんびり,祖母はのんびりと底で過ごした・温泉に入ってのんびりする・のんびりしていると、間に合わない,〔副〕・〔する〕,Беззаботно; беспечно; спокойно,Бабушка беззаботно проводила время в саду; расслабляться в онсене; если не поторопиться、опоздаем,ゆっくり・ぐずぐず,,1,,
はっきり,遠くの山がはっきり見える・はっきりしない返事をする・自分の意見をはっきりと表す,〔副〕・〔する〕,Отчетливо; ясно; четко; определенно,Гора вдалеке отчетливо видна; дать неопределенный ответ; четко выразить свое мнение,くっきり・きっぱり,,1,,
はっ(と),大きい音にはっと目が覚める・その光景にはっと息をのんだ・彼ははっと驚いて口を開けた,〔副〕・〔する〕,Поразиться; вдруг осознать; испугаться,Вдруг проснуться от громкого звука; этот вид так поразил、что свело дыхание; удивившись、он открыл рот,ぎょっと・ぎくっと・びっくり・うっとり,,1,,
ばっ(と),噂がばっと広まった・お菓子にばっと飛びつく・掃除をばっと済ませる,〔副〕,Разом; быстро; проворно,Слухи быстро распространились; накинуться на сладости; быстро сделать уборку,ばっと・どっと・ぐっと・さっと・さっさと,,1,,
ばらばら,家族の食事の時間がばらばらだ・大粒の雨がばらばらと屋根を打つ・中の物がばらばらになってしまった,〔副〕・〔形動〕,Вдребезги; на части; порознь; барабанить [в дождь],Время приема пищи в семье разнится; крупный дождь барабанит по крыше; содержимое смешалось внутри,ぱらぱら・ざあざあ・めちゃくちゃ・わらわら,,1,,
ばりばり,夜遅くまでばりばり働く・タオルはばりばりに凍っていた・猫がドアをばりばり引っ掻いていた,〔副〕・〔形動〕・〔名〕,Ревность; энергично [работать]; хрустеть,Энергично работать до поздней ночи; полотенце замерзло и стало хрустящим; кошка сильно царапала дверь,きびきび・もりもり・ぱりぱり・ばりっと,,1,,
ぱっ(と),火がぱっと燃え上がった・噂がぱっと広まった・ぱっとしない演技だった,〔副〕・〔する〕,Моментально; внезапно; быстро; ярко,Огонь вспыхнул; слухи мгновенно распространились; это была невнятная игра,さっと・すっと・ばっと・ぐっと・どっと・つっと,,1,,
ぱんぱん,鞄がぱんぱんになった・ぱんぱんと叩いて埃を落とす・子供のお尻をぱんぱん叩く,〔副〕・〔形動〕,Хлопать; бить; шлепать; набить,Сумка была набита; стряхнуть пыль; отшлепать ребенка,ばんばん・ぽんぽん・ばたばた・ぱちぱち,,1,,
ひりひり,ひりひりと痛みを感じる・カレーで舌がひりひりした・日に焼けて背中がひりひりとする,〔副〕・〔する〕,Жечь; [о боли],Почувствовать жгучую боль; от карри жжет язык; сгорел на солнце и теперь ждет спину,ずきずき・ちくちく・きりきり・ぴりっと・じんと,,1,,
びっくり,びっくりして目を見張る・彼は死ぬほどびっくりした・びっくりするほど早く治る,〔副〕・〔する〕,Пугаться; изумляться,Широко раскрыть глаза от удивления; он напугался до смерти; выздороветь на удивление быстро,はっと・ぎくっと・ぞっと・ぎょっと・びくびく,,1,,
ぴかぴか,靴をぴかぴかに磨く・ぴかぴかの新しい百円玉・ネオンサインがぴかぴか光っている,〔副〕・〔する〕・〔形動〕,Сверкать; блестеть; сиять,Начистить обувь до блеска; новая сверкающая монета в 100 иен; неоновые вывески ослепительно сияют ,きらきら・ぎらぎら・てかてか・,ひか(光)る,1,,
ぴったり,この仕事は私にぴったりだ・彼は母親にぴったりくっついている・靴のサイズがぴったり合った,〔副〕・〔する〕・〔形動〕,Вплотную; точно; плотно,Эта работа как раз для меня; он вплотную прижался к матери; размер обуви точно подошел,きっちり・ぎっしり・しっくり・すれすれ・ぎゅっと,,1,,
ふ(と),ふと私はため息をついた・ふとしたことから知り合う・ふといい考えが頭に浮かんだ,〔副〕,Случайно; неожиданно; невольно,Невольно я вздохнул; случайно познакомиться; невольно в голову пришла хорошая мысль,ひょっと・わざわざ・つと・ふっと,,1,,
ふらふら,画面がふらふらと揺れる・薬のせいで頭がふらふらしている・長時間歩いたので、足がふらふらだ,〔副〕・〔する〕・〔形動〕,Шататься; кружиться [о голове]; колебаться,Изображение на экране трясется; из-за лекарств кружится голова; ноги не держат из-за долгой ходьбы,ぐらぐら・ぶらぶら・ふらっと,ふらつく,1,,
ふわふわ,ふわふわした行動・白い雲がふわふわと浮かんでいる・ふわふわしたソファーに座る,〔副〕・〔する〕・〔形動〕,Нежный; мягкий; пушистый; ветреный,Ветреное поведение; пушистые белые облака парят; сесть на мягкий диван,ぐにゃぐにゃ・ふかふか・ふんわり,,1,,
ぶらぶら,町をぶらぶらと歩く・切れてぶらぶらな電線・子供は足をぶらぶらさせている,〔副〕・〔する〕・〔形動〕,Болтаясь; праздно; лениво; неспешно,Праздно ходить по городу; болтающийся отрезанный провод; ребенок болтает ногами ,ゆるゆる・ふらふら・ぶらりと,ぶらつく,1,,
ぶるぶる,寒くてぶるぶる震える・手がぶるぶるして書けない・彼は怖がってぶるぶると震えている,〔副〕・〔する〕,Трястись; [сильно],Трястись от холода; рука сильно дрожит — писать невозможно; он трясется от страха,がたがた・がくがく・ぞくぞく,ふる(震)える,1,,
ぶんぶん,ぶんぶんと飛び回る蜂・ヘリコプターのブンブンいう音・飛行機がぶんぶんと飛び回っている,〔副〕,Жужжать; гудеть; рокотать,Жужжащая плела летает вокруг; гудящий звук вертолета; гудящий самолет летает кругами,ぶうぶう・がんがん,,1,,
ぷんぷん,香水の匂いがぷんぷんする・彼は酒の臭いをぷんぷんさせている・私が遅れたので彼女はぷんぷんした,〔副〕・〔する〕,Сильно пахнуть; [молча] рассердится,Раздается сильный запах духов; он него сильно пахнет алкоголем; она рассердилась из-за того что я опоздал,かんかん,,1,,
へとへと,私はへとへとに疲れた・へとへとでもう走れない・重い荷物を運んでへとへとになった,〔形動〕,Изможденный; переутомленный,Я сильно устал; очень устал、бежать больше не могу; сильно устал перетаскивая тяжелые вещи,くたくた・ぐったり・よれよれ,,1,,
へらへら,へらへら笑うな・へらへらとした態度・大事なことをへらへらと喋る,〔副〕・〔する〕,Несерьезно; легкомысленно; поверхностно,Не смейся так безрассудно; несерьезное отношение; легкомысленно болтать о серьезных вещах,しみじみ・ぺらぺら,,1,,
ぺらぺら,ぺらぺらした封筒を使う・彼はフランス語がぺらぺらだ・秘密をぺらぺら話してしまう,〔副〕・〔する〕・〔形動〕,Непрочный; тонкий; свободно [говорить],Использовать очень тонкий конверт; он свободно говорит на французском; сболтнуть секрет,すらすら・ぺちゃくちゃ・べらべら,,1,,
ほっ(と),それを聞いてほっと安心した・頂上に着いてほっと一息つく・手術が無事に終わってほっとした,〔副〕・〔する〕,Успокоиться; облегченно вздохнуть,Услышав это я успокоился; облегченно вздохнуть достигнув вершины; операция закончилась хорошо и я успокоился,すっきり,,1,,
ぼんやり,池田くんはぼんやりし人だ・授業中にぼんやりしている・遠くの島がぼんやりと見える,〔副〕・〔形動〕・〔名〕,Рассеяно; с отсутствующим видом; в тумане,Икеда — рассеянный человек; “ловить ворон” на уроке; остров вдалеке виднеется сквозь дымку,ぼうっと・うっかり・あやふや・ぼやぼや,,1,,
ぽかぽか,ぽかぽかした春の日の散歩・走ったので体がぽかぽかしている・自分の頭をぽかぽか殴る,〔副〕・〔する〕,Теплый; приятный; <продолжительные удары>,Прогулка в теплый весенний день; из-за бега тело горит; колотить себя по голове,ぽかりと,,1,,
めきめき,床はめきめきと鳴る・彼の日本語はめきめき上達した・彼の病気はめきめき快くなる,〔副〕,Заметно; все более; быстро; <треск、скрип>,Пол скрипит; у него заметные успехи в японском; он быстро идет на поправку,どんどん・ぐんぐん・ぽきぽき・めっきり,,1,,
めちゃくちゃ,携帯電話がめちゃくちゃに壊れた・その作文はめちゃくちゃだ・部屋がめちゃくちゃに散らかっている,〔形動〕・〔名〕,Хаотичный; нелепый; как попало; вдребезги,Телефон разбился вдребезги; это сочинение написано как попало; комната в полнейшем беспорядке,ばらばら・ごちゃごちゃ・めちゃめちゃ・むちゃくちゃ,,1,,
もこもこ,もこもこしたカーペット・腕の筋肉がもこもこしている・もこもこしたどてらを着込む,〔副〕・〔する〕,Бугорчатый; разбухший,Толстый ковер; мускулы рефлекторно выделяются; укутаться в ватное кимоно,ふわふわ・でこぼこ,,1,,
やっ(と),やっと問題が解けた・借金がやっと片付いた・やっと列車に間に合った,〔副〕,Наконец; кое-как; едва; с трудом,Задача наконец решена; долг наконец погашен; кое-как успел на поезд,いよいよ・すれすれ・ぎりぎり,,1,,
ゆっくり,もっとゆっくり話して下さい・二人でもゆっくり座れる椅子・どうぞゆっくりしていって下さい,〔副〕・〔する〕,Спокойно; без спешки; медленно,Говорите медленнее пожалуйста; стул на котором можно спокойно сидеть вдвоем; пожалуйста расслабьтесь и никуда не спешите,のんびり・ゆったり・そろそろ・ゆるゆる,,1,,
ゆったり,ゆったりと編んだセーター・ソファーにゆったりと座っている・家に帰るとゆったりした気分になる,〔副〕・〔する〕,Просторно; спокойно; свободно,Неплотно связанный свитер; раскинуться на диване; расслабиться по возвращению домой,すかすか・ゆっくり・のんびり,ゆた(豊)かな,1,,
わいわい,わいわい新聞に書き立てられる・わいわい大騒ぎをするパーティー・外で子供達がわいわい騒いでいる,〔副〕,Шуметь; веселиться,Шумно обсуждаться в газетах; шумная вечеринка; на улице дети шумят,ざわざわ・がやがや・わあわあ,,1,,
わくわく,初めて日本に行くのでわくわくする・胸をわくわくさせて待つ・新しい仕事にわくわくする,〔副〕・〔する〕,Взволновано; в предвкушении,Впервые еду в Японию、потому волнуюсь; взволнованно ожидать; взволнованно ожидать новую работу,どきどき・うきうき・いらいら,,1,,
わざわざ,夜景を撮りにわざわざ出かける・そのためにわざわざ北海道にいく・わざわざ見に行く価値はない,〔副〕,Намеренно; специально,Специально выйти ночью、чтобы сделать ночные снимки; для этого специально поехать на Хоккайдо; не стоит специально идти、 чтобы увидеть это,ふと・ひょっと・わざと,,2,,
あたふた,あたふたと家を出る・突然の来客をあたふたと迎える・仕事が沢山合ってあたふたした,〔副〕・〔する〕,В суматохе; в спешке; второпях,Второпях покинуть дом; спешно встречать неожиданного гостя; работы было много — не знал за что хвататься,そわそわ・せかせか・ばたばた,,2,,
あべこべ,あべこべな意見を述べる・シャツをあべこべに着る・負かすつもりであべこべに負けた,〔形動〕・〔名〕,Обратный; наоборот; вверх дном,Излагать противоположную точку зрения; одеть рубашку наизнанку; намеревался победить、а、наоборот 、проиграл,めちゃくちゃ,,2,,
あやふや,あやふやにしておく・あやふやな態度をとる・質問にあやてやに答える,〔形動〕,Неясный; неопределенны; уклончивый ,Оставить в неопределенности; занять неясную позицию; уклончиво ответить на вопрос,ぼんやり・ふらふら,,2,,
いきいき,生き生きした通り・雨で木の葉が生き生きして見える・彼はいつも生き生きしている,〔副〕・〔する〕,Оживленный; бодрый; свежий,Оживленная улица; во время дождя листья выглядят свежими; он всегда полон сил,ぴんぴん・うきうき,い(生)きる,2,,
いそいそ,いそいそと階段を上がる・いそいそと兄を出迎える・いそいそと遠足の準備をする ,〔副〕・〔する〕,Весело; радостно; оживленно,Бодро подняться по лестнице; радостно встречать брата; весело собираться на экскурсию,うきうき,いそ(急)ぐ,2,,
うっとり,美しい歌を聞いてうっとりする・景色にうっとりして運転する・彼は彼女をうっとり見ていた,〔副〕・〔する〕,Восхищенно; с упоением,С упоением слушать красивую песню; ехать и восхищаться пейзажем; он смотрел на нее как завороженный,ぼんやり・はっと・うとうと,,2,,
うとうと,午後をうとうとと過ごす・帰りの電車でうとうと眠る・授業中についうとうとしてしまった,〔副〕・〔する〕,Дремать; клевать носом,Проспать вторую половину дня; дремать в поезде по дороге домой; я нечаянно задремал на уроке,ぐっすり・すやすや・とろりと・うつらうつら,,2,,
うん(と),お金がうんとある・前よりうんと体重が減った・今日、先生にうんと怒られた,〔副〕,В изобилии; усердно; сильно; в большой степени,Денег очень много; мой вес гораздо меньше чем раньше; сегодня меня сильно отругал учитель,たっぷり・どっさり・ずっと,,2,,
おいおい,妻子を失った男はおいおいと泣いた・大の男がおいおい泣き出した・息子が死んだ時彼はおいおい泣いた,〔副〕,Рыдать; [как правило о мужчине],Мужчина потерявший жену и детей рыдал; взрослый мужчина разрыдался; он рыдал когда умер его сын,おぎゃあ,,2,,
おぎゃあ([々]),おぎゃあおぎゃあと泣く・おぎゃあと産声をあげる・赤ん坊はおぎゃあと泣いた,〔副〕,Плакать [о младенце],Залиться плачем; издать первый крик [о новорожденном]; младенец плакал,おいおい・えーんえーん,,2,,
かさかさ,肌が荒れてかさかさしている・土がかさかさにかわいている・かさかさ落ち葉を踏んで歩く,〔副〕・〔する〕・〔形動〕,Сухой; шероховатый; шуршать,Кожа загрубела、стала шершавой; земля сильно высохла; идти и шуршать опавшей листвой,からから・ざらざら・がさがさ・ばさばさ,,2,,
かちん(と),かちんと音を立てる・その言葉がかちんときた・グラスをかちんと合わせる,〔副〕,Звякнуть; задеть [за живое],Издать резкий звон; эти слова меня задели; звонко чокнуться бокалами,かちゃかちゃ,,2,,
かんかん,かんかんになって叫ぶ・真夏の太陽がかんかんと照っている・半鐘の音がかんかんと響いた,〔副〕・〔形動〕,Разгораться; приходить в ярость; звенеть,Закричать прийтя в ярость; летнее солнце палит; пожарный колокол громко звонил ,がみがみ・ぷんぷん・がんがん・かっと・かっか,,2,,
がくがく,奥歯ががくがくしている・走りすぎで、ひざががくがくだ・机のあしががくがくしている,〔副〕・〔する〕・〔形動〕,Шататься; болтаться; трястись,Коренной зуб шатается; бегал слишком много、поэтому дрожат колени; ножка стола шатается,ぶるぶる・ぶらぶら・がたがた・ぐらぐら,,2,,
がたがた,古いバスなので、がたがたしている・寒くて歯ががたがたしている・会社ががたがたになった,〔副〕・〔する〕・〔形動〕,Дребезжать; стучать; трястись; расшататься,Автобус старый поэтому дребезжит; зубы стучат от холода; компания начала разваливаться,ぶるぶる・がくがく・ぐらぐら,,2,,
がっちり,がっちりと手を握る・がっちりした体格の男・がっちりと金を貯める,〔副〕・〔する〕,Крепкий; прочный; неподатливый; прозорливый,Крепко схватить руку; мужчина крепкого телосложения; откладывать деньги,しっかり・ぎっしり・ちゃっかり,,2,,
がやがや,そんなにがやがや騒ぐな・がやがやした街は好きじゃない・教室の中が非常にがやがやしていた,〔副〕・〔する〕,Шумно; громогласно,Хватит шуметь!; не люблю шумные города; В классе было необычайно шумно,ざわざわ・わいわい,,2,,
きっぱり,誘いをきっぱりと断る・きっぱりとした態度をとる・今日からタバコはきっぱりやめる,〔副〕・〔する〕,Решительно; резко; ясно; отчетливо,Решительно отказаться от приглашения; Занять решительную позицию; с сегодняшнего для точно бросаю курить,はっきり・すっばり・しゃんと,,2,,
きょろきょろ,彼の目は部屋をきょろきょろ見回した・若者はきょろきょろしながら歩いていた・物珍しげにきょろきょろと周りを見る,〔副〕・〔する〕,Озираться; оглядываться по сторонам,Его глаза бегали по комнате; молодые люди гуляли оглядываясь по сторонам; с с люботытством смотреть по сторонам,じっと・じろじろ・ぐるぐる,,2,,
ぎざぎざ,縁がぎざぎざになった葉・はさみで紙をぎざぎざの形に切る・この硬貨は縁にぎざぎざがある,〔形動〕・〔名〕,Зубчатый; зазубренный,Лист с зубчатыми краями; резать бумагу зигзагом; у этой монеты губчатый край,でこぼこ,きざ(刻)む,2,,
ぎゅっ(と),彼女は僕の手をぎゅっと握った・タオルをぎゅっと固く絞る・母親は息子をぎゅっと抱き締める,〔副〕,Плотно; крепко; туго; сильно,Она крепко сжала мою руку; сильно отжимать полотенце; мать крепко обняла сына,ぴったり・ぎっしり,,2,,
くしゃくしゃ,雨続きで気分がくしゃくしゃする・くしゃくしゃな千円札を出す・彼の髪の毛はくしゃくしゃだ,〔副〕・〔する〕・〔形動〕,Измятый; взъерошенный; угнетенный,Тоскливо из-за затяжных дождей; вытащить измятую банкноту в 1000 иен; его волосы взъерошены,ぼさぼさ・よれよれ・くちゃくちゃ,,2,,
くすくす,漫画を読んでくすくす笑う・彼女は楽しそうにくすくす笑った・生徒達が急にくすくす笑い始めた,〔副〕,Хихикать; тихонько смеяться,Посмеиваться читая мангу; она весело хихикала; ученики вдруг начали хихикать,にこにこ・にやにや・くすっと・くすりと,,2,,
